<?xml version="1.0" encoding="UTF-8" standalone="yes"?>
<config xmlns="http://artifactory.jfrog.org/xsd/1.5.5" xmlns:xsi="http://www.w3.org/2001/XMLSchema-instance" xsi:schemaLocation="http://www.jfrog.org/xsd/artifactory-v1_5_5.xsd">
    <offlineMode>false</offlineMode>
    <fileUploadMaxSizeMb>100</fileUploadMaxSizeMb>
    <dateFormat>dd-MM-yy HH:mm:ss z</dateFormat>
    <addons>
        <showAddonsInfo>true</showAddonsInfo>
        <showAddonsInfoCookie>1411736953807</showAddonsInfoCookie>
    </addons>
    <security>
        <anonAccessEnabled>true</anonAccessEnabled>
        <hideUnauthorizedResources>false</hideUnauthorizedResources>
        <passwordSettings>
            <encryptionPolicy>supported</encryptionPolicy>
        </passwordSettings>
        <ldapSettings/>
        <ldapGroupSettings/>
    </security>
    <backups>
        <backup>
            <key>backup-daily</key>
            <enabled>true</enabled>
            <cronExp>0 0 2 ? * MON-FRI</cronExp>
            <retentionPeriodHours>0</retentionPeriodHours>
            <createArchive>false</createArchive>
            <excludedRepositories>
                <repositoryRef>repo1</repositoryRef>
            </excludedRepositories>
            <sendMailOnError>true</sendMailOnError>
            <excludeBuilds>false</excludeBuilds>
        </backup>
        <backup>
            <key>backup-weekly</key>
            <enabled>false</enabled>
            <cronExp>0 0 2 ? * SAT</cronExp>
            <retentionPeriodHours>336</retentionPeriodHours>
            <createArchive>false</createArchive>
            <excludedRepositories>
                <repositoryRef>repo1</repositoryRef>
            </excludedRepositories>
            <sendMailOnError>true</sendMailOnError>
            <excludeBuilds>false</excludeBuilds>
        </backup>
    </backups>
    <indexer>
        <enabled>false</enabled>
        <cronExp>0 23 5 * * ?</cronExp>
        <excludedRepositories>
            <repositoryRef>codehaus</repositoryRef>
            <repositoryRef>google-code</repositoryRef>
            <repositoryRef>gradle-libs</repositoryRef>
            <repositoryRef>gradle-plugins</repositoryRef>
            <repositoryRef>java.net.m1</repositoryRef>
            <repositoryRef>java.net.m2</repositoryRef>
            <repositoryRef>jboss</repositoryRef>
            <repositoryRef>jcenter</repositoryRef>
            <repositoryRef>jfrog-libs</repositoryRef>
            <repositoryRef>jfrog-plugins</repositoryRef>
            <repositoryRef>libs-release</repositoryRef>
            <repositoryRef>libs-snapshot</repositoryRef>
            <repositoryRef>plugins-release</repositoryRef>
            <repositoryRef>plugins-snapshot</repositoryRef>
            <repositoryRef>remote-repos</repositoryRef>
            <repositoryRef>repo1</repositoryRef>
            <repositoryRef>spring-milestone</repositoryRef>
            <repositoryRef>spring-release</repositoryRef>
        </excludedRepositories>
    </indexer>
    <localRepositories>
        <localRepository>
            <key>libs-release-local</key>
            <description>Local repository for in-house libraries</description>
            <includesPattern>**/*</includesPattern>
            <repoLayoutRef>maven-2-default</repoLayoutRef>
            <enableNuGetSupport>false</enableNuGetSupport>
            <enableGemsSupport>false</enableGemsSupport>
            <enableNpmSupport>false</enableNpmSupport>
            <enableDebianSupport>false</enableDebianSupport>
            <blackedOut>false</blackedOut>
            <handleReleases>true</handleReleases>
            <handleSnapshots>false</handleSnapshots>
            <maxUniqueSnapshots>0</maxUniqueSnapshots>
            <suppressPomConsistencyChecks>false</suppressPomConsistencyChecks>
            <propertySets/>
            <archiveBrowsingEnabled>false</archiveBrowsingEnabled>
            <snapshotVersionBehavior>unique</snapshotVersionBehavior>
            <localRepoChecksumPolicyType>client-checksums</localRepoChecksumPolicyType>
            <calculateYumMetadata>false</calculateYumMetadata>
            <yumRootDepth>0</yumRootDepth>
            <debianTrivialLayout>false</debianTrivialLayout>
        </localRepository>
        <localRepository>
            <key>libs-snapshot-local</key>
            <description>Local repository for in-house snapshots</description>
            <includesPattern>**/*</includesPattern>
            <repoLayoutRef>maven-2-default</repoLayoutRef>
            <enableNuGetSupport>false</enableNuGetSupport>
            <enableGemsSupport>false</enableGemsSupport>
            <enableNpmSupport>false</enableNpmSupport>
            <enableDebianSupport>false</enableDebianSupport>
            <blackedOut>false</blackedOut>
            <handleReleases>false</handleReleases>
            <handleSnapshots>true</handleSnapshots>
            <maxUniqueSnapshots>0</maxUniqueSnapshots>
            <suppressPomConsistencyChecks>false</suppressPomConsistencyChecks>
            <propertySets/>
            <archiveBrowsingEnabled>false</archiveBrowsingEnabled>
            <snapshotVersionBehavior>unique</snapshotVersionBehavior>
            <localRepoChecksumPolicyType>client-checksums</localRepoChecksumPolicyType>
            <calculateYumMetadata>false</calculateYumMetadata>
            <yumRootDepth>0</yumRootDepth>
            <debianTrivialLayout>false</debianTrivialLayout>
        </localRepository>
        <localRepository>
            <key>plugins-release-local</key>
            <description>Local repository for plugins</description>
            <includesPattern>**/*</includesPattern>
            <repoLayoutRef>maven-2-default</repoLayoutRef>
            <enableNuGetSupport>false</enableNuGetSupport>
            <enableGemsSupport>false</enableGemsSupport>
            <enableNpmSupport>false</enableNpmSupport>
            <enableDebianSupport>false</enableDebianSupport>
            <blackedOut>false</blackedOut>
            <handleReleases>true</handleReleases>
            <handleSnapshots>false</handleSnapshots>
            <maxUniqueSnapshots>0</maxUniqueSnapshots>
            <suppressPomConsistencyChecks>false</suppressPomConsistencyChecks>
            <propertySets/>
            <archiveBrowsingEnabled>false</archiveBrowsingEnabled>
            <snapshotVersionBehavior>unique</snapshotVersionBehavior>
            <localRepoChecksumPolicyType>client-checksums</localRepoChecksumPolicyType>
            <calculateYumMetadata>false</calculateYumMetadata>
            <yumRootDepth>0</yumRootDepth>
            <debianTrivialLayout>false</debianTrivialLayout>
        </localRepository>
        <localRepository>
            <key>plugins-snapshot-local</key>
            <description>Local repository for plugins snapshots</description>
            <includesPattern>**/*</includesPattern>
            <repoLayoutRef>maven-2-default</repoLayoutRef>
            <enableNuGetSupport>false</enableNuGetSupport>
            <enableGemsSupport>false</enableGemsSupport>
            <enableNpmSupport>false</enableNpmSupport>
            <enableDebianSupport>false</enableDebianSupport>
            <blackedOut>false</blackedOut>
            <handleReleases>false</handleReleases>
            <handleSnapshots>true</handleSnapshots>
            <maxUniqueSnapshots>0</maxUniqueSnapshots>
            <suppressPomConsistencyChecks>false</suppressPomConsistencyChecks>
            <propertySets/>
            <archiveBrowsingEnabled>false</archiveBrowsingEnabled>
            <snapshotVersionBehavior>unique</snapshotVersionBehavior>
            <localRepoChecksumPolicyType>client-checksums</localRepoChecksumPolicyType>
            <calculateYumMetadata>false</calculateYumMetadata>
            <yumRootDepth>0</yumRootDepth>
            <debianTrivialLayout>false</debianTrivialLayout>
        </localRepository>
        <localRepository>
            <key>ext-release-local</key>
            <description>Local repository for third party libraries</description>
            <includesPattern>**/*</includesPattern>
            <repoLayoutRef>maven-2-default</repoLayoutRef>
            <enableNuGetSupport>false</enableNuGetSupport>
            <enableGemsSupport>false</enableGemsSupport>
            <enableNpmSupport>false</enableNpmSupport>
            <enableDebianSupport>false</enableDebianSupport>
            <blackedOut>false</blackedOut>
            <handleReleases>true</handleReleases>
            <handleSnapshots>false</handleSnapshots>
            <maxUniqueSnapshots>0</maxUniqueSnapshots>
            <suppressPomConsistencyChecks>false</suppressPomConsistencyChecks>
            <propertySets/>
            <archiveBrowsingEnabled>false</archiveBrowsingEnabled>
            <snapshotVersionBehavior>unique</snapshotVersionBehavior>
            <localRepoChecksumPolicyType>client-checksums</localRepoChecksumPolicyType>
            <calculateYumMetadata>false</calculateYumMetadata>
            <yumRootDepth>0</yumRootDepth>
            <debianTrivialLayout>false</debianTrivialLayout>
        </localRepository>
        <localRepository>
            <key>ext-snapshot-local</key>
            <description>Local repository for third party snapshots</description>
            <includesPattern>**/*</includesPattern>
            <repoLayoutRef>maven-2-default</repoLayoutRef>
            <enableNuGetSupport>false</enableNuGetSupport>
            <enableGemsSupport>false</enableGemsSupport>
            <enableNpmSupport>false</enableNpmSupport>
            <enableDebianSupport>false</enableDebianSupport>
            <blackedOut>false</blackedOut>
            <handleReleases>false</handleReleases>
            <handleSnapshots>true</handleSnapshots>
            <maxUniqueSnapshots>0</maxUniqueSnapshots>
            <suppressPomConsistencyChecks>false</suppressPomConsistencyChecks>
            <propertySets/>
            <archiveBrowsingEnabled>false</archiveBrowsingEnabled>
            <snapshotVersionBehavior>unique</snapshotVersionBehavior>
            <localRepoChecksumPolicyType>client-checksums</localRepoChecksumPolicyType>
            <calculateYumMetadata>false</calculateYumMetadata>
            <yumRootDepth>0</yumRootDepth>
            <debianTrivialLayout>false</debianTrivialLayout>
        </localRepository>
    </localRepositories>
    <remoteRepositories>
        <remoteRepository>
            <key>jcenter</key>
            <description>Bintray Central Java repository</description>
            <includesPattern>**/*</includesPattern>
            <repoLayoutRef>maven-2-default</repoLayoutRef>
            <enableNuGetSupport>false</enableNuGetSupport>
            <enableGemsSupport>false</enableGemsSupport>
            <enableNpmSupport>false</enableNpmSupport>
            <enableDebianSupport>false</enableDebianSupport>
            <blackedOut>false</blackedOut>
            <handleReleases>true</handleReleases>
            <handleSnapshots>false</handleSnapshots>
            <maxUniqueSnapshots>0</maxUniqueSnapshots>
            <suppressPomConsistencyChecks>false</suppressPomConsistencyChecks>
            <propertySets/>
            <archiveBrowsingEnabled>false</archiveBrowsingEnabled>
            <url>http://jcenter.bintray.com</url>
            <offline>false</offline>
            <hardFail>false</hardFail>
            <storeArtifactsLocally>true</storeArtifactsLocally>
            <fetchJarsEagerly>false</fetchJarsEagerly>
            <fetchSourcesEagerly>false</fetchSourcesEagerly>
            <retrievalCachePeriodSecs>43200</retrievalCachePeriodSecs>
            <assumedOfflinePeriodSecs>300</assumedOfflinePeriodSecs>
            <missedRetrievalCachePeriodSecs>7200</missedRetrievalCachePeriodSecs>
            <remoteRepoChecksumPolicyType>generate-if-absent</remoteRepoChecksumPolicyType>
            <unusedArtifactsCleanupPeriodHours>0</unusedArtifactsCleanupPeriodHours>
            <shareConfiguration>false</shareConfiguration>
            <synchronizeProperties>false</synchronizeProperties>
            <listRemoteFolderItems>true</listRemoteFolderItems>
            <rejectInvalidJars>false</rejectInvalidJars>
            <p2Support>false</p2Support>
            <socketTimeoutMillis>15000</socketTimeoutMillis>
        </remoteRepository>
        <remoteRepository>
            <key>repo1</key>
            <description>Central Maven 2 repository</description>
            <includesPattern>**/*</includesPattern>
            <repoLayoutRef>maven-2-default</repoLayoutRef>
            <enableNuGetSupport>false</enableNuGetSupport>
            <enableGemsSupport>false</enableGemsSupport>
            <enableNpmSupport>false</enableNpmSupport>
            <enableDebianSupport>false</enableDebianSupport>
            <blackedOut>false</blackedOut>
            <handleReleases>true</handleReleases>
            <handleSnapshots>false</handleSnapshots>
            <maxUniqueSnapshots>0</maxUniqueSnapshots>
            <suppressPomConsistencyChecks>false</suppressPomConsistencyChecks>
            <propertySets/>
            <archiveBrowsingEnabled>false</archiveBrowsingEnabled>
            <url>http://repo1.maven.org/maven2</url>
            <offline>false</offline>
            <hardFail>false</hardFail>
            <storeArtifactsLocally>true</storeArtifactsLocally>
            <fetchJarsEagerly>false</fetchJarsEagerly>
            <fetchSourcesEagerly>false</fetchSourcesEagerly>
            <retrievalCachePeriodSecs>43200</retrievalCachePeriodSecs>
            <assumedOfflinePeriodSecs>300</assumedOfflinePeriodSecs>
            <missedRetrievalCachePeriodSecs>7200</missedRetrievalCachePeriodSecs>
            <remoteRepoChecksumPolicyType>generate-if-absent</remoteRepoChecksumPolicyType>
            <unusedArtifactsCleanupPeriodHours>0</unusedArtifactsCleanupPeriodHours>
            <shareConfiguration>false</shareConfiguration>
            <synchronizeProperties>false</synchronizeProperties>
            <listRemoteFolderItems>true</listRemoteFolderItems>
            <rejectInvalidJars>false</rejectInvalidJars>
            <p2Support>false</p2Support>
            <socketTimeoutMillis>15000</socketTimeoutMillis>
        </remoteRepository>
        <remoteRepository>
            <key>java.net.m2</key>
            <description>java.net Maven2 Format</description>
            <includesPattern>**/*</includesPattern>
            <excludesPattern>commons-*,org/apache/**</excludesPattern>
            <repoLayoutRef>maven-2-default</repoLayoutRef>
            <enableNuGetSupport>false</enableNuGetSupport>
            <enableGemsSupport>false</enableGemsSupport>
            <enableNpmSupport>false</enableNpmSupport>
            <enableDebianSupport>false</enableDebianSupport>
            <blackedOut>false</blackedOut>
            <handleReleases>true</handleReleases>
            <handleSnapshots>true</handleSnapshots>
            <maxUniqueSnapshots>0</maxUniqueSnapshots>
            <suppressPomConsistencyChecks>false</suppressPomConsistencyChecks>
            <propertySets/>
            <archiveBrowsingEnabled>false</archiveBrowsingEnabled>
            <url>http://download.java.net/maven/2</url>
            <offline>false</offline>
            <hardFail>false</hardFail>
            <storeArtifactsLocally>true</storeArtifactsLocally>
            <fetchJarsEagerly>false</fetchJarsEagerly>
            <fetchSourcesEagerly>false</fetchSourcesEagerly>
            <retrievalCachePeriodSecs>43200</retrievalCachePeriodSecs>
            <assumedOfflinePeriodSecs>300</assumedOfflinePeriodSecs>
            <missedRetrievalCachePeriodSecs>7200</missedRetrievalCachePeriodSecs>
            <remoteRepoChecksumPolicyType>generate-if-absent</remoteRepoChecksumPolicyType>
            <unusedArtifactsCleanupPeriodHours>0</unusedArtifactsCleanupPeriodHours>
            <shareConfiguration>false</shareConfiguration>
            <synchronizeProperties>false</synchronizeProperties>
            <listRemoteFolderItems>true</listRemoteFolderItems>
            <rejectInvalidJars>false</rejectInvalidJars>
            <p2Support>false</p2Support>
            <socketTimeoutMillis>15000</socketTimeoutMillis>
        </remoteRepository>
        <remoteRepository>
            <key>java.net.m1</key>
            <description>java.net Maven1 Format</description>
            <includesPattern>**/*</includesPattern>
            <repoLayoutRef>maven-2-default</repoLayoutRef>
            <enableNuGetSupport>false</enableNuGetSupport>
            <enableGemsSupport>false</enableGemsSupport>
            <enableNpmSupport>false</enableNpmSupport>
            <enableDebianSupport>false</enableDebianSupport>
            <blackedOut>false</blackedOut>
            <handleReleases>true</handleReleases>
            <handleSnapshots>true</handleSnapshots>
            <maxUniqueSnapshots>0</maxUniqueSnapshots>
            <suppressPomConsistencyChecks>true</suppressPomConsistencyChecks>
            <propertySets/>
            <archiveBrowsingEnabled>false</archiveBrowsingEnabled>
            <url>http://download.java.net/maven/1</url>
            <offline>false</offline>
            <hardFail>false</hardFail>
            <storeArtifactsLocally>true</storeArtifactsLocally>
            <fetchJarsEagerly>false</fetchJarsEagerly>
            <fetchSourcesEagerly>false</fetchSourcesEagerly>
            <retrievalCachePeriodSecs>43200</retrievalCachePeriodSecs>
            <assumedOfflinePeriodSecs>300</assumedOfflinePeriodSecs>
            <missedRetrievalCachePeriodSecs>7200</missedRetrievalCachePeriodSecs>
            <remoteRepoChecksumPolicyType>generate-if-absent</remoteRepoChecksumPolicyType>
            <unusedArtifactsCleanupPeriodHours>0</unusedArtifactsCleanupPeriodHours>
            <shareConfiguration>false</shareConfiguration>
            <synchronizeProperties>false</synchronizeProperties>
            <listRemoteFolderItems>true</listRemoteFolderItems>
            <remoteRepoLayoutRef>maven-1-default</remoteRepoLayoutRef>
            <rejectInvalidJars>false</rejectInvalidJars>
            <p2Support>false</p2Support>
            <socketTimeoutMillis>15000</socketTimeoutMillis>
        </remoteRepository>
        <remoteRepository>
            <key>jfrog-libs</key>
            <description>JFrog libraries releases</description>
            <includesPattern>**/*</includesPattern>
            <excludesPattern>org/apache/maven/**</excludesPattern>
            <repoLayoutRef>maven-2-default</repoLayoutRef>
            <enableNuGetSupport>false</enableNuGetSupport>
            <enableGemsSupport>false</enableGemsSupport>
            <enableNpmSupport>false</enableNpmSupport>
            <enableDebianSupport>false</enableDebianSupport>
            <blackedOut>false</blackedOut>
            <handleReleases>true</handleReleases>
            <handleSnapshots>false</handleSnapshots>
            <maxUniqueSnapshots>0</maxUniqueSnapshots>
            <suppressPomConsistencyChecks>false</suppressPomConsistencyChecks>
            <propertySets/>
            <archiveBrowsingEnabled>false</archiveBrowsingEnabled>
            <url>http://repo.jfrog.org/artifactory/libs-releases-local</url>
            <offline>false</offline>
            <hardFail>false</hardFail>
            <storeArtifactsLocally>true</storeArtifactsLocally>
            <fetchJarsEagerly>false</fetchJarsEagerly>
            <fetchSourcesEagerly>false</fetchSourcesEagerly>
            <retrievalCachePeriodSecs>43200</retrievalCachePeriodSecs>
            <assumedOfflinePeriodSecs>300</assumedOfflinePeriodSecs>
            <missedRetrievalCachePeriodSecs>7200</missedRetrievalCachePeriodSecs>
            <remoteRepoChecksumPolicyType>generate-if-absent</remoteRepoChecksumPolicyType>
            <unusedArtifactsCleanupPeriodHours>0</unusedArtifactsCleanupPeriodHours>
            <shareConfiguration>false</shareConfiguration>
            <synchronizeProperties>false</synchronizeProperties>
            <listRemoteFolderItems>true</listRemoteFolderItems>
            <rejectInvalidJars>false</rejectInvalidJars>
            <p2Support>false</p2Support>
            <socketTimeoutMillis>15000</socketTimeoutMillis>
        </remoteRepository>
        <remoteRepository>
            <key>jfrog-plugins</key>
            <description>JFrog plugins releases</description>
            <includesPattern>org/jfrog/**</includesPattern>
            <repoLayoutRef>maven-2-default</repoLayoutRef>
            <enableNuGetSupport>false</enableNuGetSupport>
            <enableGemsSupport>false</enableGemsSupport>
            <enableNpmSupport>false</enableNpmSupport>
            <enableDebianSupport>false</enableDebianSupport>
            <blackedOut>false</blackedOut>
            <handleReleases>true</handleReleases>
            <handleSnapshots>false</handleSnapshots>
            <maxUniqueSnapshots>0</maxUniqueSnapshots>
            <suppressPomConsistencyChecks>false</suppressPomConsistencyChecks>
            <propertySets/>
            <archiveBrowsingEnabled>false</archiveBrowsingEnabled>
            <url>http://repo.jfrog.org/artifactory/plugins-releases-local</url>
            <offline>false</offline>
            <hardFail>false</hardFail>
            <storeArtifactsLocally>true</storeArtifactsLocally>
            <fetchJarsEagerly>false</fetchJarsEagerly>
            <fetchSourcesEagerly>false</fetchSourcesEagerly>
            <retrievalCachePeriodSecs>43200</retrievalCachePeriodSecs>
            <assumedOfflinePeriodSecs>300</assumedOfflinePeriodSecs>
            <missedRetrievalCachePeriodSecs>7200</missedRetrievalCachePeriodSecs>
            <remoteRepoChecksumPolicyType>generate-if-absent</remoteRepoChecksumPolicyType>
            <unusedArtifactsCleanupPeriodHours>0</unusedArtifactsCleanupPeriodHours>
            <shareConfiguration>false</shareConfiguration>
            <synchronizeProperties>false</synchronizeProperties>
            <listRemoteFolderItems>true</listRemoteFolderItems>
            <rejectInvalidJars>false</rejectInvalidJars>
            <p2Support>false</p2Support>
            <socketTimeoutMillis>15000</socketTimeoutMillis>
        </remoteRepository>
        <remoteRepository>
            <key>jboss</key>
            <description>JBoss Maven2 releases</description>
            <includesPattern>org/jboss/**,org/hibernate/**,org/richfaces/**,org/drools/**</includesPattern>
            <repoLayoutRef>maven-2-default</repoLayoutRef>
            <enableNuGetSupport>false</enableNuGetSupport>
            <enableGemsSupport>false</enableGemsSupport>
            <enableNpmSupport>false</enableNpmSupport>
            <enableDebianSupport>false</enableDebianSupport>
            <blackedOut>false</blackedOut>
            <handleReleases>true</handleReleases>
            <handleSnapshots>false</handleSnapshots>
            <maxUniqueSnapshots>0</maxUniqueSnapshots>
            <suppressPomConsistencyChecks>false</suppressPomConsistencyChecks>
            <propertySets/>
            <archiveBrowsingEnabled>false</archiveBrowsingEnabled>
            <url>http://repository.jboss.org/nexus/content/groups/public-jboss</url>
            <offline>false</offline>
            <hardFail>false</hardFail>
            <storeArtifactsLocally>true</storeArtifactsLocally>
            <fetchJarsEagerly>false</fetchJarsEagerly>
            <fetchSourcesEagerly>false</fetchSourcesEagerly>
            <retrievalCachePeriodSecs>43200</retrievalCachePeriodSecs>
            <assumedOfflinePeriodSecs>300</assumedOfflinePeriodSecs>
            <missedRetrievalCachePeriodSecs>7200</missedRetrievalCachePeriodSecs>
            <remoteRepoChecksumPolicyType>generate-if-absent</remoteRepoChecksumPolicyType>
            <unusedArtifactsCleanupPeriodHours>0</unusedArtifactsCleanupPeriodHours>
            <shareConfiguration>false</shareConfiguration>
            <synchronizeProperties>false</synchronizeProperties>
            <listRemoteFolderItems>true</listRemoteFolderItems>
            <rejectInvalidJars>false</rejectInvalidJars>
            <p2Support>false</p2Support>
            <socketTimeoutMillis>15000</socketTimeoutMillis>
        </remoteRepository>
        <remoteRepository>
            <key>codehaus</key>
            <description>Codehaus Maven2 releases</description>
            <includesPattern>org/**,com/**,net/**</includesPattern>
            <excludesPattern>org/apache/**,commons-*,org/artifactory/**,org/jfrog/**</excludesPattern>
            <repoLayoutRef>maven-2-default</repoLayoutRef>
            <enableNuGetSupport>false</enableNuGetSupport>
            <enableGemsSupport>false</enableGemsSupport>
            <enableNpmSupport>false</enableNpmSupport>
            <enableDebianSupport>false</enableDebianSupport>
            <blackedOut>false</blackedOut>
            <handleReleases>true</handleReleases>
            <handleSnapshots>false</handleSnapshots>
            <maxUniqueSnapshots>0</maxUniqueSnapshots>
            <suppressPomConsistencyChecks>false</suppressPomConsistencyChecks>
            <propertySets/>
            <archiveBrowsingEnabled>false</archiveBrowsingEnabled>
            <url>http://repository.codehaus.org</url>
            <offline>false</offline>
            <hardFail>false</hardFail>
            <storeArtifactsLocally>true</storeArtifactsLocally>
            <fetchJarsEagerly>false</fetchJarsEagerly>
            <fetchSourcesEagerly>false</fetchSourcesEagerly>
            <retrievalCachePeriodSecs>43200</retrievalCachePeriodSecs>
            <assumedOfflinePeriodSecs>300</assumedOfflinePeriodSecs>
            <missedRetrievalCachePeriodSecs>7200</missedRetrievalCachePeriodSecs>
            <remoteRepoChecksumPolicyType>generate-if-absent</remoteRepoChecksumPolicyType>
            <unusedArtifactsCleanupPeriodHours>0</unusedArtifactsCleanupPeriodHours>
            <shareConfiguration>false</shareConfiguration>
            <synchronizeProperties>false</synchronizeProperties>
            <listRemoteFolderItems>true</listRemoteFolderItems>
            <rejectInvalidJars>false</rejectInvalidJars>
            <p2Support>false</p2Support>
            <socketTimeoutMillis>15000</socketTimeoutMillis>
        </remoteRepository>
        <remoteRepository>
            <key>spring-milestone</key>
            <description>SpringSource in milestone version</description>
            <includesPattern>org/springframework/**</includesPattern>
            <repoLayoutRef>maven-2-default</repoLayoutRef>
            <enableNuGetSupport>false</enableNuGetSupport>
            <enableGemsSupport>false</enableGemsSupport>
            <enableNpmSupport>false</enableNpmSupport>
            <enableDebianSupport>false</enableDebianSupport>
            <blackedOut>false</blackedOut>
            <handleReleases>true</handleReleases>
            <handleSnapshots>false</handleSnapshots>
            <maxUniqueSnapshots>0</maxUniqueSnapshots>
            <suppressPomConsistencyChecks>false</suppressPomConsistencyChecks>
            <propertySets/>
            <archiveBrowsingEnabled>false</archiveBrowsingEnabled>
            <url>http://repo.spring.io/milestone</url>
            <offline>false</offline>
            <hardFail>false</hardFail>
            <storeArtifactsLocally>true</storeArtifactsLocally>
            <fetchJarsEagerly>false</fetchJarsEagerly>
            <fetchSourcesEagerly>false</fetchSourcesEagerly>
            <retrievalCachePeriodSecs>43200</retrievalCachePeriodSecs>
            <assumedOfflinePeriodSecs>300</assumedOfflinePeriodSecs>
            <missedRetrievalCachePeriodSecs>7200</missedRetrievalCachePeriodSecs>
            <remoteRepoChecksumPolicyType>generate-if-absent</remoteRepoChecksumPolicyType>
            <unusedArtifactsCleanupPeriodHours>0</unusedArtifactsCleanupPeriodHours>
            <shareConfiguration>false</shareConfiguration>
            <synchronizeProperties>false</synchronizeProperties>
            <listRemoteFolderItems>true</listRemoteFolderItems>
            <rejectInvalidJars>false</rejectInvalidJars>
            <p2Support>false</p2Support>
            <socketTimeoutMillis>15000</socketTimeoutMillis>
        </remoteRepository>
        <remoteRepository>
            <key>spring-release</key>
            <description>SpringSource releases</description>
            <includesPattern>org/springframework/**</includesPattern>
            <repoLayoutRef>maven-2-default</repoLayoutRef>
            <enableNuGetSupport>false</enableNuGetSupport>
            <enableGemsSupport>false</enableGemsSupport>
            <enableNpmSupport>false</enableNpmSupport>
            <enableDebianSupport>false</enableDebianSupport>
            <blackedOut>false</blackedOut>
            <handleReleases>true</handleReleases>
            <handleSnapshots>false</handleSnapshots>
            <maxUniqueSnapshots>0</maxUniqueSnapshots>
            <suppressPomConsistencyChecks>false</suppressPomConsistencyChecks>
            <propertySets/>
            <archiveBrowsingEnabled>false</archiveBrowsingEnabled>
            <url>http://repo.spring.io/release</url>
            <offline>false</offline>
            <hardFail>false</hardFail>
            <storeArtifactsLocally>true</storeArtifactsLocally>
            <fetchJarsEagerly>false</fetchJarsEagerly>
            <fetchSourcesEagerly>false</fetchSourcesEagerly>
            <retrievalCachePeriodSecs>43200</retrievalCachePeriodSecs>
            <assumedOfflinePeriodSecs>300</assumedOfflinePeriodSecs>
            <missedRetrievalCachePeriodSecs>7200</missedRetrievalCachePeriodSecs>
            <remoteRepoChecksumPolicyType>generate-if-absent</remoteRepoChecksumPolicyType>
            <unusedArtifactsCleanupPeriodHours>0</unusedArtifactsCleanupPeriodHours>
            <shareConfiguration>false</shareConfiguration>
            <synchronizeProperties>false</synchronizeProperties>
            <listRemoteFolderItems>true</listRemoteFolderItems>
            <rejectInvalidJars>false</rejectInvalidJars>
            <p2Support>false</p2Support>
            <socketTimeoutMillis>15000</socketTimeoutMillis>
        </remoteRepository>
        <remoteRepository>
            <key>google-code</key>
            <description>Google's open source releases</description>
            <includesPattern>com/google/**</includesPattern>
            <repoLayoutRef>maven-2-default</repoLayoutRef>
            <enableNuGetSupport>false</enableNuGetSupport>
            <enableGemsSupport>false</enableGemsSupport>
            <enableNpmSupport>false</enableNpmSupport>
            <enableDebianSupport>false</enableDebianSupport>
            <blackedOut>false</blackedOut>
            <handleReleases>true</handleReleases>
            <handleSnapshots>false</handleSnapshots>
            <maxUniqueSnapshots>0</maxUniqueSnapshots>
            <suppressPomConsistencyChecks>false</suppressPomConsistencyChecks>
            <propertySets/>
            <archiveBrowsingEnabled>false</archiveBrowsingEnabled>
            <url>http://google-maven-repository.googlecode.com/svn/repository</url>
            <offline>false</offline>
            <hardFail>false</hardFail>
            <storeArtifactsLocally>true</storeArtifactsLocally>
            <fetchJarsEagerly>false</fetchJarsEagerly>
            <fetchSourcesEagerly>false</fetchSourcesEagerly>
            <retrievalCachePeriodSecs>43200</retrievalCachePeriodSecs>
            <assumedOfflinePeriodSecs>300</assumedOfflinePeriodSecs>
            <missedRetrievalCachePeriodSecs>7200</missedRetrievalCachePeriodSecs>
            <remoteRepoChecksumPolicyType>generate-if-absent</remoteRepoChecksumPolicyType>
            <unusedArtifactsCleanupPeriodHours>0</unusedArtifactsCleanupPeriodHours>
            <shareConfiguration>false</shareConfiguration>
            <synchronizeProperties>false</synchronizeProperties>
            <listRemoteFolderItems>true</listRemoteFolderItems>
            <rejectInvalidJars>false</rejectInvalidJars>
            <p2Support>false</p2Support>
            <socketTimeoutMillis>15000</socketTimeoutMillis>
        </remoteRepository>
        <remoteRepository>
            <key>gradle-libs</key>
            <description>Gradle libraries</description>
            <includesPattern>**/*</includesPattern>
            <repoLayoutRef>maven-2-default</repoLayoutRef>
            <enableNuGetSupport>false</enableNuGetSupport>
            <enableGemsSupport>false</enableGemsSupport>
            <enableNpmSupport>false</enableNpmSupport>
            <enableDebianSupport>false</enableDebianSupport>
            <blackedOut>false</blackedOut>
            <handleReleases>true</handleReleases>
            <handleSnapshots>false</handleSnapshots>
            <maxUniqueSnapshots>0</maxUniqueSnapshots>
            <suppressPomConsistencyChecks>false</suppressPomConsistencyChecks>
            <propertySets/>
            <archiveBrowsingEnabled>false</archiveBrowsingEnabled>
            <url>http://gradle.artifactoryonline.com/gradle/libs</url>
            <offline>false</offline>
            <hardFail>false</hardFail>
            <storeArtifactsLocally>true</storeArtifactsLocally>
            <fetchJarsEagerly>false</fetchJarsEagerly>
            <fetchSourcesEagerly>false</fetchSourcesEagerly>
            <retrievalCachePeriodSecs>43200</retrievalCachePeriodSecs>
            <assumedOfflinePeriodSecs>300</assumedOfflinePeriodSecs>
            <missedRetrievalCachePeriodSecs>7200</missedRetrievalCachePeriodSecs>
            <remoteRepoChecksumPolicyType>generate-if-absent</remoteRepoChecksumPolicyType>
            <unusedArtifactsCleanupPeriodHours>0</unusedArtifactsCleanupPeriodHours>
            <shareConfiguration>false</shareConfiguration>
            <synchronizeProperties>false</synchronizeProperties>
            <listRemoteFolderItems>true</listRemoteFolderItems>
            <rejectInvalidJars>false</rejectInvalidJars>
            <p2Support>false</p2Support>
            <socketTimeoutMillis>15000</socketTimeoutMillis>
        </remoteRepository>
        <remoteRepository>
            <key>gradle-plugins</key>
            <description>Gradle plugins</description>
            <includesPattern>**/*</includesPattern>
            <repoLayoutRef>maven-2-default</repoLayoutRef>
            <enableNuGetSupport>false</enableNuGetSupport>
            <enableGemsSupport>false</enableGemsSupport>
            <enableNpmSupport>false</enableNpmSupport>
            <enableDebianSupport>false</enableDebianSupport>
            <blackedOut>false</blackedOut>
            <handleReleases>true</handleReleases>
            <handleSnapshots>false</handleSnapshots>
            <maxUniqueSnapshots>0</maxUniqueSnapshots>
            <suppressPomConsistencyChecks>false</suppressPomConsistencyChecks>
            <propertySets/>
            <archiveBrowsingEnabled>false</archiveBrowsingEnabled>
            <url>http://gradle.artifactoryonline.com/gradle/plugins</url>
            <offline>false</offline>
            <hardFail>false</hardFail>
            <storeArtifactsLocally>true</storeArtifactsLocally>
            <fetchJarsEagerly>false</fetchJarsEagerly>
            <fetchSourcesEagerly>false</fetchSourcesEagerly>
            <retrievalCachePeriodSecs>43200</retrievalCachePeriodSecs>
            <assumedOfflinePeriodSecs>300</assumedOfflinePeriodSecs>
            <missedRetrievalCachePeriodSecs>7200</missedRetrievalCachePeriodSecs>
            <remoteRepoChecksumPolicyType>generate-if-absent</remoteRepoChecksumPolicyType>
            <unusedArtifactsCleanupPeriodHours>0</unusedArtifactsCleanupPeriodHours>
            <shareConfiguration>false</shareConfiguration>
            <synchronizeProperties>false</synchronizeProperties>
            <listRemoteFolderItems>true</listRemoteFolderItems>
            <rejectInvalidJars>false</rejectInvalidJars>
            <p2Support>false</p2Support>
            <socketTimeoutMillis>15000</socketTimeoutMillis>
        </remoteRepository>
        <remoteRepository>
            <key>restlet</key>
            <includesPattern>**/*</includesPattern>
            <repoLayoutRef>maven-2-default</repoLayoutRef>
            <enableNuGetSupport>false</enableNuGetSupport>
            <enableGemsSupport>false</enableGemsSupport>
            <enableNpmSupport>false</enableNpmSupport>
            <enableDebianSupport>false</enableDebianSupport>
            <blackedOut>false</blackedOut>
            <handleReleases>true</handleReleases>
            <handleSnapshots>true</handleSnapshots>
            <maxUniqueSnapshots>0</maxUniqueSnapshots>
            <suppressPomConsistencyChecks>false</suppressPomConsistencyChecks>
            <propertySets/>
            <archiveBrowsingEnabled>false</archiveBrowsingEnabled>
            <url>http://maven.restlet.com</url>
            <offline>false</offline>
            <hardFail>false</hardFail>
            <storeArtifactsLocally>true</storeArtifactsLocally>
            <fetchJarsEagerly>false</fetchJarsEagerly>
            <fetchSourcesEagerly>false</fetchSourcesEagerly>
            <retrievalCachePeriodSecs>43200</retrievalCachePeriodSecs>
            <assumedOfflinePeriodSecs>300</assumedOfflinePeriodSecs>
            <missedRetrievalCachePeriodSecs>7200</missedRetrievalCachePeriodSecs>
            <remoteRepoChecksumPolicyType>generate-if-absent</remoteRepoChecksumPolicyType>
            <unusedArtifactsCleanupPeriodHours>0</unusedArtifactsCleanupPeriodHours>
            <shareConfiguration>false</shareConfiguration>
            <synchronizeProperties>false</synchronizeProperties>
            <listRemoteFolderItems>true</listRemoteFolderItems>
            <rejectInvalidJars>false</rejectInvalidJars>
            <p2Support>false</p2Support>
            <p2OriginalUrl>http://maven.restlet.com</p2OriginalUrl>
            <socketTimeoutMillis>15000</socketTimeoutMillis>
        </remoteRepository>
        <remoteRepository>
            <key>rubygems</key>
            <includesPattern>**/*</includesPattern>
            <repoLayoutRef>maven-2-default</repoLayoutRef>
            <enableNuGetSupport>false</enableNuGetSupport>
            <enableGemsSupport>true</enableGemsSupport>
            <enableNpmSupport>false</enableNpmSupport>
            <enableDebianSupport>false</enableDebianSupport>
            <blackedOut>false</blackedOut>
            <handleReleases>true</handleReleases>
            <handleSnapshots>true</handleSnapshots>
            <maxUniqueSnapshots>0</maxUniqueSnapshots>
            <suppressPomConsistencyChecks>false</suppressPomConsistencyChecks>
            <propertySets/>
            <archiveBrowsingEnabled>false</archiveBrowsingEnabled>
            <url>https://rubygems.org/</url>
            <offline>false</offline>
            <hardFail>false</hardFail>
            <storeArtifactsLocally>true</storeArtifactsLocally>
            <fetchJarsEagerly>false</fetchJarsEagerly>
            <fetchSourcesEagerly>false</fetchSourcesEagerly>
            <retrievalCachePeriodSecs>43200</retrievalCachePeriodSecs>
            <assumedOfflinePeriodSecs>300</assumedOfflinePeriodSecs>
            <missedRetrievalCachePeriodSecs>7200</missedRetrievalCachePeriodSecs>
            <remoteRepoChecksumPolicyType>generate-if-absent</remoteRepoChecksumPolicyType>
            <unusedArtifactsCleanupPeriodHours>0</unusedArtifactsCleanupPeriodHours>
            <shareConfiguration>false</shareConfiguration>
            <synchronizeProperties>false</synchronizeProperties>
            <listRemoteFolderItems>true</listRemoteFolderItems>
            <rejectInvalidJars>false</rejectInvalidJars>
            <p2Support>false</p2Support>
            <nuget>
                <feedContextPath>api/v2</feedContextPath>
                <downloadContextPath>api/v2/package</downloadContextPath>
            </nuget>
            <p2OriginalUrl>https://rubygems.org</p2OriginalUrl>
            <socketTimeoutMillis>15000</socketTimeoutMillis>
        </remoteRepository>
    </remoteRepositories>
    <virtualRepositories>
        <virtualRepository>
            <key>remote-repos</key>
            <includesPattern>**/*</includesPattern>
            <enableNuGetSupport>false</enableNuGetSupport>
            <enableGemsSupport>false</enableGemsSupport>
            <enableNpmSupport>false</enableNpmSupport>
            <enableDebianSupport>false</enableDebianSupport>
            <artifactoryRequestsCanRetrieveRemoteArtifacts>true</artifactoryRequestsCanRetrieveRemoteArtifacts>
            <repositories>
                <repositoryRef>jcenter</repositoryRef>
                <repositoryRef>codehaus</repositoryRef>
                <repositoryRef>jboss</repositoryRef>
                <repositoryRef>java.net.m2</repositoryRef>
                <repositoryRef>java.net.m1</repositoryRef>
                <repositoryRef>repo1</repositoryRef>
                <repositoryRef>jfrog-libs</repositoryRef>
                <repositoryRef>jfrog-plugins</repositoryRef>
                <repositoryRef>spring-milestone</repositoryRef>
                <repositoryRef>spring-release</repositoryRef>
                <repositoryRef>google-code</repositoryRef>
                <repositoryRef>gradle-libs</repositoryRef>
                <repositoryRef>gradle-plugins</repositoryRef>
            </repositories>
            <pomRepositoryReferencesCleanupPolicy>discard_active_reference</pomRepositoryReferencesCleanupPolicy>
        </virtualRepository>
        <virtualRepository>
            <key>libs-release</key>
            <includesPattern>**/*</includesPattern>
            <enableNuGetSupport>false</enableNuGetSupport>
            <enableGemsSupport>false</enableGemsSupport>
            <enableNpmSupport>false</enableNpmSupport>
            <enableDebianSupport>false</enableDebianSupport>
            <artifactoryRequestsCanRetrieveRemoteArtifacts>false</artifactoryRequestsCanRetrieveRemoteArtifacts>
            <repositories>
                <repositoryRef>libs-release-local</repositoryRef>
                <repositoryRef>ext-release-local</repositoryRef>
                <repositoryRef>remote-repos</repositoryRef>
            </repositories>
            <pomRepositoryReferencesCleanupPolicy>discard_active_reference</pomRepositoryReferencesCleanupPolicy>
        </virtualRepository>
        <virtualRepository>
            <key>plugins-release</key>
            <includesPattern>**/*</includesPattern>
            <enableNuGetSupport>false</enableNuGetSupport>
            <enableGemsSupport>false</enableGemsSupport>
            <enableNpmSupport>false</enableNpmSupport>
            <enableDebianSupport>false</enableDebianSupport>
            <artifactoryRequestsCanRetrieveRemoteArtifacts>false</artifactoryRequestsCanRetrieveRemoteArtifacts>
            <repositories>
                <repositoryRef>plugins-release-local</repositoryRef>
                <repositoryRef>ext-release-local</repositoryRef>
                <repositoryRef>remote-repos</repositoryRef>
            </repositories>
            <pomRepositoryReferencesCleanupPolicy>discard_active_reference</pomRepositoryReferencesCleanupPolicy>
        </virtualRepository>
        <virtualRepository>
            <key>libs-snapshot</key>
            <includesPattern>**/*</includesPattern>
            <enableNuGetSupport>false</enableNuGetSupport>
            <enableGemsSupport>false</enableGemsSupport>
            <enableNpmSupport>false</enableNpmSupport>
            <enableDebianSupport>false</enableDebianSupport>
            <artifactoryRequestsCanRetrieveRemoteArtifacts>false</artifactoryRequestsCanRetrieveRemoteArtifacts>
            <repositories>
                <repositoryRef>libs-snapshot-local</repositoryRef>
                <repositoryRef>ext-snapshot-local</repositoryRef>
                <repositoryRef>remote-repos</repositoryRef>
            </repositories>
            <pomRepositoryReferencesCleanupPolicy>discard_active_reference</pomRepositoryReferencesCleanupPolicy>
        </virtualRepository>
        <virtualRepository>
            <key>plugins-snapshot</key>
            <includesPattern>**/*</includesPattern>
            <enableNuGetSupport>false</enableNuGetSupport>
            <enableGemsSupport>false</enableGemsSupport>
            <enableNpmSupport>false</enableNpmSupport>
            <enableDebianSupport>false</enableDebianSupport>
            <artifactoryRequestsCanRetrieveRemoteArtifacts>false</artifactoryRequestsCanRetrieveRemoteArtifacts>
            <repositories>
                <repositoryRef>plugins-snapshot-local</repositoryRef>
                <repositoryRef>ext-snapshot-local</repositoryRef>
                <repositoryRef>remote-repos</repositoryRef>
            </repositories>
            <pomRepositoryReferencesCleanupPolicy>discard_active_reference</pomRepositoryReferencesCleanupPolicy>
        </virtualRepository>
    </virtualRepositories>
    <proxies/>
    <propertySets/>
    <repoLayouts>
        <repoLayout>
            <name>maven-2-default</name>
            <artifactPathPattern>[orgPath]/[module]/[baseRev](-[folderItegRev])/[module]-[baseRev](-[fileItegRev])(-[classifier]).[ext]</artifactPathPattern>
            <distinctiveDescriptorPathPattern>true</distinctiveDescriptorPathPattern>
            <descriptorPathPattern>[orgPath]/[module]/[baseRev](-[folderItegRev])/[module]-[baseRev](-[fileItegRev])(-[classifier]).pom</descriptorPathPattern>
            <folderIntegrationRevisionRegExp>SNAPSHOT</folderIntegrationRevisionRegExp>
            <fileIntegrationRevisionRegExp>SNAPSHOT|(?:(?:[0-9]{8}.[0-9]{6})-(?:[0-9]+))</fileIntegrationRevisionRegExp>
        </repoLayout>
        <repoLayout>
            <name>ivy-default</name>
            <artifactPathPattern>[org]/[module]/[baseRev](-[folderItegRev])/[type]s/[module](-[classifier])-[baseRev](-[fileItegRev]).[ext]</artifactPathPattern>
            <distinctiveDescriptorPathPattern>true</distinctiveDescriptorPathPattern>
            <descriptorPathPattern>[org]/[module]/[baseRev](-[folderItegRev])/[type]s/ivy-[baseRev](-[fileItegRev]).xml</descriptorPathPattern>
            <folderIntegrationRevisionRegExp>\d{14}</folderIntegrationRevisionRegExp>
            <fileIntegrationRevisionRegExp>\d{14}</fileIntegrationRevisionRegExp>
        </repoLayout>
        <repoLayout>
            <name>gradle-default</name>
            <artifactPathPattern>[org]/[module]/[baseRev](-[folderItegRev])/[module]-[baseRev](-[fileItegRev])(-[classifier]).[ext]</artifactPathPattern>
            <distinctiveDescriptorPathPattern>true</distinctiveDescriptorPathPattern>
            <descriptorPathPattern>[org]/[module]/ivy-[baseRev](-[fileItegRev]).xml</descriptorPathPattern>
            <folderIntegrationRevisionRegExp>\d{14}</folderIntegrationRevisionRegExp>
            <fileIntegrationRevisionRegExp>\d{14}</fileIntegrationRevisionRegExp>
        </repoLayout>
        <repoLayout>
            <name>maven-1-default</name>
            <artifactPathPattern>[org]/[type]s/[module]-[baseRev](-[fileItegRev])(-[classifier]).[ext]</artifactPathPattern>
            <distinctiveDescriptorPathPattern>true</distinctiveDescriptorPathPattern>
            <descriptorPathPattern>[org]/[type]s/[module]-[baseRev](-[fileItegRev]).pom</descriptorPathPattern>
            <folderIntegrationRevisionRegExp>.+</folderIntegrationRevisionRegExp>
            <fileIntegrationRevisionRegExp>.+</fileIntegrationRevisionRegExp>
        </repoLayout>
    </repoLayouts>
    <remoteReplications/>
    <localReplications/>
    <gcConfig>
        <cronExp>0 0 /4 * * ?</cronExp>
    </gcConfig>
    <cleanupConfig>
        <cronExp>0 12 5 * * ?</cronExp>
    </cleanupConfig>
    <virtualCacheCleanupConfig>
        <cronExp>0 12 0 * * ?</cronExp>
    </virtualCacheCleanupConfig>
</config>
