<?xml version='1.0' encoding='UTF-8'?>
<security version="v8">
  <users>
    <user>
      <username>admin</username>
      <password>1f70548d73baca61aab8660733c7de81</password>
      <salt>CAFEBABEEBABEFAC</salt>
      <admin>true</admin>
      <enabled>true</enabled>
      <updatableProfile>true</updatableProfile>
      <accountNonExpired>true</accountNonExpired>
      <credentialsNonExpired>true</credentialsNonExpired>
      <accountNonLocked>true</accountNonLocked>
      <realm>internal</realm>
      <transientUser>false</transientUser>
      <groups/>
      <lastLoginTimeMillis>1411743455197</lastLoginTimeMillis>
      <lastLoginClientIp>172.16.18.1</lastLoginClientIp>
      <lastAccessTimeMillis>0</lastAccessTimeMillis>
    </user>
    <user>
      <username>anonymous</username>
      <password>d41d8cd98f00b204e9800998ecf8427e</password>
      <admin>false</admin>
      <enabled>true</enabled>
      <updatableProfile>false</updatableProfile>
      <accountNonExpired>true</accountNonExpired>
      <credentialsNonExpired>true</credentialsNonExpired>
      <accountNonLocked>true</accountNonLocked>
      <transientUser>false</transientUser>
      <groups/>
      <lastLoginTimeMillis>0</lastLoginTimeMillis>
      <lastAccessTimeMillis>0</lastAccessTimeMillis>
    </user>
  </users>
  <groups>
    <group>
      <groupName>readers</groupName>
      <description>A group for read-only users</description>
      <newUserDefault>true</newUserDefault>
      <realm>artifactory</realm>
    </group>
  </groups>
  <acls>
    <acl>
      <permissionTarget>
        <name>Any Remote</name>
        <repoKeys>
          <string>ANY REMOTE</string>
        </repoKeys>
        <includes>
          <string>**</string>
        </includes>
        <excludes/>
      </permissionTarget>
      <aces>
        <ace>
          <principal>anonymous</principal>
          <group>false</group>
          <mask>3</mask>
        </ace>
      </aces>
      <updatedBy>_system_</updatedBy>
    </acl>
    <acl>
      <permissionTarget>
        <name>Anything</name>
        <repoKeys>
          <string>ANY</string>
        </repoKeys>
        <includes>
          <string>**</string>
        </includes>
        <excludes/>
      </permissionTarget>
      <aces>
        <ace>
          <principal>readers</principal>
          <group>true</group>
          <mask>1</mask>
        </ace>
        <ace>
          <principal>anonymous</principal>
          <group>false</group>
          <mask>1</mask>
        </ace>
      </aces>
      <updatedBy>_system_</updatedBy>
    </acl>
  </acls>
</security>